,_id,name,age,phone,email
0,1,Juan_Ivan,24,5538184717,coldcram14@hotmail.com
1,2,Winona_Ryder,38,8638184897,Winona_Ryder@gmail.com
2,3,Paul_Bremer,50,2333249489,Paul_Bremer@gmail.com
3,4,Jennifer_Aniston,45,6821549489,Jennifer_Aniston@gmail.com
4,5,James_Blake,38,6828569489,James_Blake@gmail.com
5,6,Alvaro_Uribe,40,6828235489,Alvaro_Uribe@gmail.com
6,7,Andre_Agassi,50,6821234489,Andre_Agassi@gmail.com
7,8,Angelina_Jolie,50,6812384489,Angelina_Jolie@gmail.com
8,9,Bill_Gates,60,6812381234,Bill_Gates@gmail.com
9,10,Abdullah_Gul,60,6811231234,Abdullah_Gul@gmail.com
